country,country_long,name,capacity_mw,latitude,longitude,primary_fuel
IND,India,ACME Solar Tower,2.5,28.1839,73.2407,Solar
IND,India,ADITYA CEMENT WORKS,98,24.7663,74.609,Coal
IND,India,AES Saurashtra Windfarms,39.2,21.9038,69.3732,Wind
IND,India,AGARTALA GT,135,23.8712,91.3602,Gas
IND,India,AKALTARA TPP,1800,21.9603,82.4091,Coal
IND,India,AKRIMOTA LIG,250,23.7689,68.6447,Coal
IND,India,ALIYAR,60,10.4547,77.0078,Hydro
IND,India,ALLAIN DUHANGAN,192,32.2258,77.207,Hydro
IND,India,ALMATTI DAM,290,16.33,75.8863,Hydro
IND,India,AMAR KANTAK,210,23.1642,81.6373,Coal
IND,India,AMARAVATI TPP,1350,21.0782,77.9009,Coal
IND,India,ANANDPUR SAHIB ST-I&II,134,31.2717,76.4938,Hydro
IND,India,"ANAPARA ""C""",1200,24.2007,82.8,Coal
IND,India,ANDHRA,16.95,31.2412,77.8769,Hydro
IND,India,ANPARA,2630,24.201,82.7891,Coal
IND,India,ANTA GT,419.33,25.1797,76.3188,Gas
IND,India,ANUPPUR,600,23.0666,81.7841,Coal
IND,India,ANUPUR TPP,1200,23.0655,81.7865,Coal
IND,India,ARVINDNAGAR SUGAR,10,18.0845,76.1851,Biomass
IND,India,ASHOKNAGAR MILL,17,19.5867,74.7061,Biomass
IND,India,ATHANI SUGAR,24,16.7708,74.9191,Biomass
IND,India,AURAIYA GT,652,26.6282,79.5286,Gas
IND,India,AVANTHA BHANDAR TPP,600,21.7438,83.2741,Coal
IND,India,AWARPUR CEMENT PLANT,46,19.7881,79.1518,Coal
IND,India,Amarsar Solar Power Plant,1,28.3615,74.2402,Solar
IND,India,Anabura Wind Farm,16.5,14.5751,76.3926,Wind
IND,India,Ananthapur - Meil Solar Power Plant,50,14.9455,77.687,Solar
IND,India,Andrha Lake Wind Farm,113.6,18.858,73.6396,Wind
IND,India,Anikkadavu Wind Farm,19.8,10.7245,77.1893,Wind
IND,India,Arasinagundi Wind Farm,13.2,14.4791,76.3482,Wind
IND,India,Askandra - DREPL Solar Power Plant,5,27.3473,71.6917,Solar
IND,India,Askandra - Electromech Maritech Solar Power Plant,5,27.36,71.6918,Solar
IND,India,Askandra - Finehope Solar Power Plant,5,27.3632,71.6918,Solar
IND,India,Askandra - Khaya Solar Power Plant,5,27.3661,71.6916,Solar
IND,India,Askandra - Newton Solar Power Plant,5,27.3537,71.6917,Solar
IND,India,Askandra - Saidham Solar Power Plant,5,27.3504,71.6918,Solar
IND,India,Askandra - Vasavi Solar Power Plant,5,27.3566,71.6917,Solar
IND,India,B. BRIDGE D.G,200,13.0977,80.2695,Oil
IND,India,BADARPUR,705,28.506,77.3066,Coal
IND,India,BAGALKOT ICP,28,16.2804,75.225,Biomass
IND,India,BAGLIHAR HEP,450,33.1815,75.3155,Hydro
IND,India,BAIRA SIUL,180,32.8063,76.1418,Hydro
IND,India,BAKRESWAR,1050,23.8285,87.4513,Coal
IND,India,BALIMELA,510,18.1396,82.1221,Hydro
IND,India,BALLARPUR BILT POWER,67.5,19.8601,79.3421,Coal
IND,India,BAMANIA CEMENT,10,24.6929,74.689,Coal
IND,India,BANDAKHAR TPP,300,22.3421,82.4305,Coal
IND,India,BANDEL,455,22.9956,88.4042,Coal
IND,India,BANER,12,32.1686,76.4695,Hydro
IND,India,BANSAGAR (I),315,24.1917,81.2875,Hydro
IND,India,BANSAGAR (II),30,24.1917,81.2875,Hydro
IND,India,BANSAGAR (III),60,24.1917,81.2875,Hydro
IND,India,BANSAGAR (IV),20,24.223,81.2747,Hydro
IND,India,BANSWARA CEMENT,20,23.6026,74.2562,Coal
IND,India,BARADARHA TPP,1200,21.9114,83.1889,Coal
IND,India,BARAMURA,42,23.807,91.565,Gas
IND,India,BARAUNI,720,25.3999,86.0218,Coal
IND,India,BARGI,90,22.9417,79.925,Hydro
IND,India,BARH STPP II,1320,25.4865,85.7452,Coal
IND,India,BARKHERA TPP,90,28.4723,79.8066,Coal
IND,India,BARSINGAR LIGNITE,250,27.8453,73.2,Coal
IND,India,BASIN BRIDGE GT,120,13.1021,80.2682,Gas
IND,India,BASPA,300,31.4306,78.241,Hydro
IND,India,BASSI,64,31.9546,76.7986,Hydro
IND,India,BEL Chikhalhol Wind Farm,20,17.3816,74.5345,Wind
IND,India,BELA NAGPUR,270,20.805,79.0547,Coal
IND,India,BELGAUM UGAR,22.8,16.6505,74.8209,Biomass
IND,India,BELLAD-BAGEWADI,15,16.2774,74.7111,Biomass
IND,India,BELLARY HOTHUR,10,15.1831,76.7909,Coal
IND,India,BELLARY JANKI,18,15.1777,77.1036,Coal
IND,India,BELLARY TPS,1700,15.1932,76.7195,Coal
IND,India,BHADRA,39.2,13.7008,75.6373,Hydro
IND,India,BHADRAVATI MILL,41,13.8274,75.7131,Coal
IND,India,BHAKRA,1325,31.4107,76.4328,Hydro
IND,India,BHANDARA STEEL MILL,15,21.232,79.6311,Coal
IND,India,BHANDARA VARAM,10,21.0813,79.7708,Biomass
IND,India,BHANDARDHARA,34,19.5555,73.8087,Hydro
IND,India,BHATGARH,16,18.1012,73.7252,Hydro
IND,India,BHATSA,15,19.5132,73.4173,Hydro
IND,India,BHAVNAGAR TPP,500,21.5837,72.2222,Coal
IND,India,BHAWANI KATTALAI -II,30,11.331,77.758,Hydro
IND,India,BHAWANI KATTALAI -III,30,11.2428,77.8659,Hydro
IND,India,BHAWANI KATTALAI BARRAGE,30,11.3842,77.7145,Hydro
IND,India,BHIGWAN MILL,30,18.2416,74.7529,Coal
IND,India,BHILAI TPP,500,21.184,81.4237,Coal
IND,India,BHIRA,300,18.455,73.3907,Hydro
IND,India,BHIRA TAIL RACE,80,18.4426,73.3498,Hydro
IND,India,BHIVPURI,75,18.9368,73.4527,Hydro
IND,India,BHUSAWAL,1210,21.0483,75.8425,Coal
IND,India,BILIYAKALAN PLANT,10,25.2267,74.6216,Biomass
IND,India,BINA REFINERY,99,24.2508,78.1606,Coal
IND,India,BINA TPP,500,23.3172,78.1336,Coal
IND,India,BINANI CEMENT PLANT,69.6,24.8263,73.0901,Coal
IND,India,BINJKOTE,600,22.0103,83.2058,Coal
IND,India,BINWA,6,32.1121,76.6537,Hydro
IND,India,BIRSINGHPUR,20,23.3256,81.0333,Hydro
IND,India,BOKARO A ''EXP'',500,23.6783,86.0888,Coal
IND,India,BOKARO B,210,23.785,85.88,Coal
IND,India,BONGAIGAON TPP,500,26.5145,90.5287,Coal
IND,India,BP Brahmanvel Wind Farm,40,21.2083,74.1543,Wind
IND,India,BRAMHAPURAM DG,60,9.9975,76.3744,Oil
IND,India,BSES Kerala CCGT,165,10.074,76.3188,Gas
IND,India,BUDGE BUDGE,750,22.4673,88.14,Coal
IND,India,BUDHIL,70,32.4584,76.532,Hydro
IND,India,BUTIBORI PLANT,81.5,20.9225,78.9535,Oil
IND,India,BUTIBORI TPP -II,600,20.9286,78.9333,Coal
IND,India,Bamani Solar Power Plant,1,18.0791,76.1807,Solar
IND,India,Bamanwali Solar Power Plant,1,28.3683,73.5286,Solar
IND,India,Bannari Amman Spinning Mills Wind Power Project,11.2,10.7389,77.416,Wind
IND,India,Bap - GIS 1-2 Solar Power Plant,15,27.3827,72.3188,Solar
IND,India,Bap - GIS 3 Solar Power Plant,10,27.3893,72.3134,Solar
IND,India,Bap - OPG Solar Power Plant,5,27.3525,72.3554,Solar
IND,India,Bap - Punj Lloyd Solar Power Plant,5,27.3851,72.3042,Solar
IND,India,Bapodar - Hiraco Solar Power Plant,20,21.5967,69.843,Solar
IND,India,Bapodar - MBEDL Solar Power Plant,15,21.6024,69.8441,Solar
IND,India,Bavadi Barsingha - Giriraj Solar Power Plant,36.3,27.4387,72.3245,Solar
IND,India,Bavadi Barsingha - LEPL Solar Power Plant,10,27.4523,72.3388,Solar
IND,India,Belagau Wind Farm,1,26.7272,70.8304,Wind
IND,India,Belagwi Wind Turbines,1.7,16.4961,74.5417,Wind
IND,India,Belgaum Gadag Wind Farm,24.8,15.4038,75.5625,Wind
IND,India,Belgaum Wind farm,50.4,15.9349,74.7007,Wind
IND,India,Bera Wind Farm,150,23.0544,68.8782,Wind
IND,India,Bhadrada Solar Power Plant,5,23.6688,71.5782,Solar
IND,India,Bhat Khedi Wind Farm,98.7,23.6756,75.0565,Wind
IND,India,Bhatkota Solar Power Plant,3,23.5594,73.286,Solar
IND,India,Bitta Solar Power Plant,40,23.2579,69.0255,Solar
IND,India,Boha Solar Power Plant,4.2,29.8504,75.49,Solar
IND,India,Bonada Solar Power Plant,1,26.5249,71.5212,Solar
IND,India,CHAKABURA TPP,60,22.3932,82.5532,Coal
IND,India,CHAMERA II,300,32.4734,76.2552,Hydro
IND,India,CHAMERA-I,540,32.5966,75.9857,Hydro
IND,India,CHAMERA-III,231,32.4733,76.44,Hydro
IND,India,CHANDA CEMENT WORKS,40,19.9213,79.1133,Coal
IND,India,CHANDERIA CEMENT WORKS,35,24.9293,74.6367,Coal
IND,India,CHANDERIA SMELTER,234,24.9637,74.6656,Coal
IND,India,CHANDRAPUR GUPTA,120,19.93,79.1346,Coal
IND,India,CHANDRAPUR MANIKGHAR,10,19.7218,79.1757,Coal
IND,India,CHANDRAPURA,630,23.7376,86.1273,Coal
IND,India,CHANDRAPUR_Coal,2920,20.0063,79.29,Coal
IND,India,CHANJU-I,36,32.7369,76.2477,Hydro
IND,India,CHEMBUKADAVU-II,3.75,11.4645,76.0376,Hydro
IND,India,CHENANI I to III,32.8,32.9578,75.1705,Hydro
IND,India,CHHABRA TPS,1660,24.6217,77.0357,Coal
IND,India,CHIBRO (YAMUNA),240,30.5559,77.7915,Hydro
IND,India,CHILLA,144,29.976,78.2203,Hydro
IND,India,CHUTAK,44,34.4903,76.1137,Hydro
IND,India,CHUZACHEN,110,27.2093,88.6659,Hydro
IND,India,CORE GREEN SUGAR,24,16.5471,77.0825,Biomass
IND,India,Chandrapur Solar Power Plant,5,20.0209,79.2712,Solar
IND,India,Charanka Solar Power Plant,221,23.907,71.1881,Solar
IND,India,Chhadavada Wind Farm,21,23.2443,70.4603,Wind
IND,India,Chingerbandh Solar Power Plant,5,20.6729,83.1107,Solar
IND,India,D.P.L.,660,23.5211,87.3023,Coal
IND,India,DADRI (NCTPP),1820,28.603,77.6078,Coal
IND,India,DADRI GT,816.4,28.5932,77.6101,Gas
IND,India,DAE RAJASTHAN,100,24.8747,75.6189,Nuclear
IND,India,DAHANU FRESNEL,100,26.7803,72.0091,Coal
IND,India,DAMODARAM SANJEEVAIAH,1600,14.3444,80.1264,Coal
IND,India,DANAPUR BMM,25,15.1707,76.377,Coal
IND,India,DAUND SUGAR,30,18.4271,74.6338,Biomass
IND,India,DAVANGERE MILL,24,14.3277,75.8808,Biomass
IND,India,DEHAR,990,31.4133,76.8686,Hydro
IND,India,DERANG,1200,21.1238,84.9843,Coal
IND,India,DGEN MEGA CCCP,1200,21.6923,72.6215,Gas
IND,India,DHAKRANI,33.75,30.4561,77.7368,Hydro
IND,India,DHALIPUR,51,30.4354,77.6821,Hydro
IND,India,DHANU,500,19.9545,72.7478,Coal
IND,India,DHARIWAL INF TPP,600,20.0102,79.2033,Coal
IND,India,DHAULI GANGA,280,29.8783,80.5727,Hydro
IND,India,DHOLPUR,330,26.7024,77.8492,Gas
IND,India,DHUVARAN CCPP,595.2,22.2396,72.752,Gas
IND,India,DIGHE WORKS,22,19.1896,73.004,Oil
IND,India,DIKCHU,96,27.4028,88.5247,Hydro
IND,India,DLF,15.5,24.8271,92.9737,Gas
IND,India,DNYANESHWAR MILL,12.96,19.4496,75.0382,Biomass
IND,India,DOLVI ISPAT,67.6,18.69,73.039,Oil
IND,India,DONKARAYI,25,17.8994,81.8296,Hydro
IND,India,DOYANG,75,26.2325,94.2612,Hydro
IND,India,DUDH GANGA,24,16.3537,74.0095,Hydro
IND,India,DUGGAVATHI MILL,22,14.6284,75.8448,Biomass
IND,India,DULHASTI,390,33.3691,75.7985,Hydro
IND,India,DURG SPONGE IRON,12.8,21.1878,81.2099,Coal
IND,India,DURGAPUR,210,23.531,87.25,Coal
IND,India,DURGAPUR STEEL TPS,1000,23.58,87.2043,Coal
IND,India,Dadri Solar Power Plant,5,28.5787,77.6314,Solar
IND,India,Dandeli Mill,20,15.2529,74.6283,Gas
IND,India,Deh Solar Power Plant,2,27.9253,72.8899,Solar
IND,India,Devgarh Wind Farm,37.5,23.964,74.6215,Wind
IND,India,Dhabla Sondhya Solar Power Plant,28.2,23.8267,75.8988,Solar
IND,India,Dhanera Solar Power Plant,25,24.5216,72.1999,Solar
IND,India,Dhank - Aravali Solar Power Plant,5,21.7766,70.0773,Solar
IND,India,Dhursar,125,26.7846,72.0083,Solar
IND,India,Diwakar,100,27.7355,71.6917,Solar
IND,India,Dugar Solar Power Plant,1,26.2776,72.651,Solar
IND,India,ELDARI,22.5,19.7197,76.733,Hydro
IND,India,EMCO Sonurle Wind Farm,9,16.8265,73.9269,Wind
IND,India,ESSAR GT IMP.,515,21.111,72.655,Gas
IND,India,Enercon Babarzar Wind Farm,11.2,22.1421,69.8442,Wind
IND,India,Enercon Chitradurga Wind Farm,68.8,13.7276,76.5137,Wind
IND,India,Enercon Sonoshi Wind Farm,20,19.6274,73.7839,Wind
IND,India,FARAKKA STPS,2100,24.772,87.894,Coal
IND,India,F_BAD CCGT,431.586,28.3452,77.3615,Gas
IND,India,Frost International Palankottai Wind Farm,4.25,9.1269,77.6458,Wind
IND,India,G.I.P.C.L. GT,310,22.3758,73.1017,Gas
IND,India,GACL Kutch Wind Farm,39,23.0272,69.9494,Wind
IND,India,GADEPAN WORKS,35,25.1521,76.182,Gas
IND,India,GAJ,10.5,32.2417,76.2787,Hydro
IND,India,GAMA CCPP  Module - 1,225,29.1411,78.9632,Gas
IND,India,GANDHAR GT,648,21.8242,73.1136,Gas
IND,India,GANDHARBAL,15,34.2236,74.7781,Hydro
IND,India,GANDHI NAGAR,630,25.2502,72.6765,Coal
IND,India,GANDHI SAGAR,115,24.6997,75.5529,Hydro
IND,India,GANGUWAL,77.65,31.268,76.492,Hydro
IND,India,GAUTAMI CCCP,468.57,17.0386,82.1286,Gas
IND,India,GEPL,120,19.9324,79.104,Coal
IND,India,GFL Gudhepanchgani,23.1,17.1309,73.9765,Wind
IND,India,GHANVI,22.5,31.5425,77.7786,Hydro
IND,India,GHAT PRABHA,32,16.1424,74.6447,Hydro
IND,India,GHATGHAR PSS,250,19.5334,73.6509,Hydro
IND,India,GHTP (LEH.MOH.),920,30.2666,75.1661,Coal
IND,India,GHUGUS LMEL,30,19.9306,79.12,Coal
IND,India,GIRI BATA,60,30.5307,77.4968,Hydro
IND,India,GIWPP Telagi,23.1,14.6534,75.8613,Wind
IND,India,GMR WARORA TPP,600,20.2723,78.9793,Coal
IND,India,GNDTP(BHATINDA),440,30.2335,74.9247,Coal
IND,India,GODAVARI GT,205.24,17.0587,82.3097,Gas
IND,India,GOINDWAL SAHIB TPP,540,31.3841,75.1464,Coal
IND,India,GRACE INDUSTRIES,25,20.0058,79.1845,Coal
IND,India,GREL CCPP (RAJAMUNDRY),768,16.9248,81.8111,Gas
IND,India,GULBARGA CEMENT,55,17.1084,77.1325,Coal
IND,India,GUMTI,15,23.4263,91.8223,Hydro
IND,India,Gadag Wind Farm,25.6,15.3418,75.5868,Wind
IND,India,Gadna 1 Solar Power Plant,3,27.4269,72.3896,Solar
IND,India,Gadna 2 Solar Power Plant,5,27.4296,72.3969,Solar
IND,India,Gandhinagar Solar Power Plant,1,23.1534,72.669,Solar
IND,India,Garacharma Solar Power Plant,5,11.6117,92.7109,Solar
IND,India,Godawari,50,27.6003,72.2241,Solar
IND,India,Godelai Solar Power Plant,1,26.6532,72.5377,Solar
IND,India,Gondri Solar Power Plant,5,18.3055,76.6551,Solar
IND,India,Gorsar Wind Farm,7.5,21.3131,69.9187,Wind
IND,India,Grewal Solar Power Plant,1.8,30.4613,74.6188,Solar
IND,India,Gulabpura Solar Power Plant,5,25.86,74.6567,Solar
IND,India,Gwal Pahari Solar Power Plant,3,28.4272,77.1596,Solar
IND,India,HALDIA,600,22.1042,88.1764,Coal
IND,India,HAMPI,36,15.2615,76.3379,Hydro
IND,India,HAPURI MILL,24,16.6038,74.4045,Biomass
IND,India,HASDEOBANGO,120,22.604,82.5977,Hydro
IND,India,HAVALGA SUGAR,25.5,17.1202,76.4004,Biomass
IND,India,HAZIRA CCCP,156.1,22.3256,69.7399,Gas
IND,India,HAZIRA-GSECL,351.43,21.1652,72.6613,Gas
IND,India,HINGOLI MILL,18.9,19.2829,77.1384,Biomass
IND,India,HIRAKUD I&II,331.5,21.5337,83.8754,Hydro
IND,India,HIRIYUR BIOMASS,25,13.9808,76.6279,Biomass
IND,India,HZL Gadag Wind Farm,34.4,15.3654,75.5639,Wind
IND,India,HZL Nandurbar Maharashtra,25.5,21.3027,74.3091,Wind
IND,India,HZL Palladum Wind Farm,21,10.8674,77.4588,Wind
IND,India,HZL Parewar Wind Farm,27.3,27.2492,70.6722,Wind
IND,India,HZL Samana Wind Farm,88.8,22.0335,70.2313,Wind
IND,India,H_GANJ B,605,28.0179,78.1326,Coal
IND,India,Hirewaddatti Wind Farm,49,15.1997,75.762,Wind
IND,India,Horti Solar Power Plant,20,17.9054,76.3224,Solar
IND,India,I.B.VALLEY,420,21.6872,83.86,Coal
IND,India,I.P.GT,270,28.6194,77.2504,Gas
IND,India,IDAMALAYAR,75,10.207,76.7137,Hydro
IND,India,IDUKKI,780,9.8503,77.0555,Hydro
IND,India,IEPL  BELA TPP,270,20.8102,79.0556,Coal
IND,India,IL&FS Kaladeh Wind Farm,24,22.8396,76.1906,Wind
IND,India,IND BARATH TPP,350,21.658,83.92,Coal
IND,India,INDIA POWER TPP(HALDIA  HIRANMAYE ),300,22.0774,88.0995,Coal
IND,India,INDIRA SAGAR,1000,22.2791,76.4728,Hydro
IND,India,INDRA GANDHI STPP,1500,28.4849,76.3754,Coal
IND,India,ITPCL TPP,1200,11.5214,79.7515,Coal
IND,India,Ingaleshwar Wind Farm,100.8,16.6208,76.0223,Wind
IND,India,Isanpur Solar Power Plant,1,22.4809,72.5235,Solar
IND,India,Itnal Solar Power Plant,3,16.4018,74.6641,Solar
IND,India,J.SAGAR,99,25.0369,75.6778,Hydro
IND,India,JAISALMER GODAWARI,50,27.601,72.2242,Biomass
IND,India,JALDHAKA I&II,36,27.0297,88.8747,Hydro
IND,India,JALLIPPA KAPURDI TPP,1080,25.8888,71.3236,Coal
IND,India,JAYKAYPURAM PLANT,66,24.6963,73.0017,Coal
IND,India,JAYPEE BELA CEMENT,63.5,24.5286,81.1698,Coal
IND,India,JAYPEE REWA CEMENT,54.5,24.565,81.1748,Coal
IND,India,JAYPEE SIDHI CEMENT,155,24.3272,81.3293,Coal
IND,India,JEGURUPADU GT,445.674,16.9312,81.86,Gas
IND,India,JOG,139.2,14.2273,74.7994,Hydro
IND,India,JOJBERA,427.5,22.7554,86.2491,Coal
IND,India,JORETHANG LOOP,96,27.1598,88.2924,Hydro
IND,India,JSW RATNAGIRI TPP,1200,17.297,73.212,Coal
IND,India,Jafrabad Solar Power Plant,15,20.8772,71.2801,Solar
IND,India,Jamuria Solar Power Plant,2,23.7162,87.0695,Solar
IND,India,Jangi Wind Farm,91.8,23.2409,70.509,Wind
IND,India,Jangi village wind farm,10.5,23.208,70.5465,Wind
IND,India,Jeloo Wind Farm,29.6,26.5255,72.7629,Wind
IND,India,Jodiya Wind Farm,33,22.7532,70.3961,Wind
IND,India,K.N. Ram Kaltek Wind Farm,10.25,21.2261,74.2393,Wind
IND,India,KADAMPARI,400,10.4104,77.0435,Hydro
IND,India,KADANA,240,23.3045,73.8254,Hydro
IND,India,KADRA,150,14.8901,74.3916,Hydro
IND,India,KAHALGAON,2340,25.2349,87.2635,Coal
IND,India,KAIGA,880,14.865,74.4385,Nuclear
IND,India,KAKATIYA TPP,1100,18.3835,79.8265,Coal
IND,India,KAKKAD,50,9.3275,76.9717,Hydro
IND,India,KAKRAPARA,440,21.2384,73.3489,Nuclear
IND,India,KALINADI,855,15.2761,74.5268,Hydro
IND,India,KALINADI SUPA,100,15.2761,74.5268,Hydro
IND,India,KALISINDH,1200,24.5295,76.0986,Coal
IND,India,KALLADA,15,8.9553,77.0697,Hydro
IND,India,KALLUR GRINDING,30,17.3821,77.4389,Coal
IND,India,KAMAL SPONGE,12,24.6266,80.831,Coal
IND,India,KAMALANGA,1050,20.87,85.2671,Coal
IND,India,KANHER,4,17.7384,73.917,Hydro
IND,India,KARAD MILL,16,17.1657,74.2459,Biomass
IND,India,KARAIKAL,32.5,10.9325,79.8216,Gas
IND,India,KARBI LANGPI,100,25.9552,92.5171,Hydro
IND,India,KARCHAM WANGTOO,1000,31.5156,78.1073,Hydro
IND,India,KARGIL,3.75,34.5605,76.1299,Hydro
IND,India,KARUPPUR GT,119.8,11.1208,79.5287,Gas
IND,India,KASAIPALLI,270,22.389,82.5549,Coal
IND,India,KASARGODE DG,21.84,12.4837,74.9929,Oil
IND,India,KASRAWAD FACTORY,10,22.1335,75.4568,Coal
IND,India,KATHALGURI GT,291,27.341,95.408,Gas
IND,India,KAWAI TPP,1320,24.7773,76.737,Coal
IND,India,KAWAS GT,645,21.175,72.6879,Gas
IND,India,KAYAM KULAM GT,350,9.2404,76.4283,Gas
IND,India,KCSF SANGUR,18,14.7753,75.3131,Biomass
IND,India,KHADAVASLA I&II,16,18.3803,73.6116,Hydro
IND,India,KHAMBERKHERA IPP,90,28.017,80.8307,Coal
IND,India,KHANDONG,50,25.5177,92.6679,Hydro
IND,India,KHARA,72,30.3508,77.6017,Hydro
IND,India,KHATIMA,41.4,28.9232,80.0243,Hydro
IND,India,KHODRI,120,30.5085,77.8001,Hydro
IND,India,KHOPOLI,72,18.7817,73.3558,Hydro
IND,India,KHOPOLI WORKS,60,18.7712,73.259,Coal
IND,India,KISHENGANGA,330,34.649,74.7514,Hydro
IND,India,KM DODDI SUGAR,26,12.4806,77.0411,Biomass
IND,India,KODASALI,120,14.955,74.5904,Hydro
IND,India,KODAYAR-I&II,100,8.5319,77.3125,Hydro
IND,India,KODERMA,1000,24.3858,85.5517,Coal
IND,India,KOJIKODE DG,96,11.2054,75.8067,Oil
IND,India,KOLAGHAT,1260,22.4157,87.8713,Coal
IND,India,KOLDAM,800,31.382,76.8761,Hydro
IND,India,KOLHAPUR HEMARUS,20,16.0327,74.4583,Biomass
IND,India,KOLHAPUR KAGAL,20,16.589,74.2993,Biomass
IND,India,KOLHAPUR KUMBHI,17.5,16.689,74.1201,Biomass
IND,India,KOLLEGAL SUGAR,16,12.1056,76.7606,Biomass
IND,India,KONASEEMA CCCP,445,16.7346,81.8622,Gas
IND,India,KONDAPALLI GT,1458,16.64,80.5504,Gas
IND,India,KOPILI,225,25.5177,92.6679,Hydro
IND,India,KOPPA SUGAR,26,12.702,76.9787,Biomass
IND,India,KOPPAL HKMP,12,15.316,76.2507,Coal
IND,India,KORADI,2400,21.2414,79.096,Coal
IND,India,KORBA STPS,2600,22.3881,82.6858,Coal
IND,India,KORBA-EAST,890,22.3828,82.7188,Coal
IND,India,KORBA-WEST,1340,22.4118,82.6888,Coal
IND,India,KOSI,20,26.497,86.9549,Hydro
IND,India,KOTA,1240,25.1712,75.8171,Coal
IND,India,KOTA COMPLEX,125,25.1386,75.8883,Coal
IND,India,KOTESHWAR,400,30.2594,78.4971,Hydro
IND,India,KOTLA,77.65,31.268,76.492,Hydro
IND,India,KOVILKALAPPAL,107.88,10.5415,79.4507,Gas
IND,India,KOYNA COMPLEX,1956,17.4599,73.684,Hydro
IND,India,KS Oils Chinnakuyili Wind Farm,12,10.9328,77.0912,Wind
IND,India,KUDGI,2400,16.4994,75.8349,Coal
IND,India,KULHAL,30,30.4289,77.6296,Hydro
IND,India,KUNDAH I-V,555,11.2861,76.6511,Hydro
IND,India,KUNDANKULAM,2000,8.1691,77.1327,Nuclear
IND,India,KUNDARGI MILL,16.5,16.2651,75.5302,Biomass
IND,India,KUNDARKI TPP,90,27.0786,82.0841,Coal
IND,India,KUTCH LIG.,290,23.6626,68.7843,Coal
IND,India,KUTHUNGAL,21,9.9356,77.1068,Hydro
IND,India,KUTTALAM GT,101,11.076,79.57,Gas
IND,India,KUTTIADI,125,11.5484,75.8988,Hydro
IND,India,KUTTIYADI Add ext,100,11.5484,75.8988,Hydro
IND,India,KYMORE,50,24.0529,80.6144,Coal
IND,India,KYREDEMKULAI,60,25.7848,91.7895,Hydro
IND,India,K_GUDEM,720,17.6219,80.6936,Coal
IND,India,K_GUDEM NEW,1000,17.6219,80.6936,Coal
IND,India,K_KHEDA II,1340,21.2818,79.116,Coal
IND,India,Kaladonger Wind Farm,75.6,27.0931,70.9996,Wind
IND,India,Kamuthi Solar Power Plant,648,9.3381,78.3917,Solar
IND,India,Karmaria Solar Power Plant,15,23.35,70.388,Solar
IND,India,Karur Textile Park Wind Farm,6,8.3091,77.6191,Wind
IND,India,Kathauti 1 Solar Power Plant,5,27.224,74.2524,Solar
IND,India,Kathauti 2 Solar Power Plant,40,27.2089,74.2553,Solar
IND,India,Katol - Citra Solar Power Plant,2,21.317,78.6025,Solar
IND,India,Katol - Sepset Solar Power Plant,2,21.3174,78.6001,Solar
IND,India,Khadoda Solar Power Plant,10,23.443,73.2014,Solar
IND,India,Khandala Solar Power Plant,5.2,18.6051,75.0381,Solar
IND,India,Khetusar - Northern Solar Power Plant,20,27.3225,71.9951,Solar
IND,India,Khetusar - Suryauday Solar Power Plant,10,27.3247,71.991,Solar
IND,India,Khilchipur Solar Power Plant,25,24.0682,76.589,Solar
IND,India,Khirsara - Unity Solar Power Plant,5,23.3578,70.0548,Solar
IND,India,Khirsara - Welspun Solar Power Plant,15,23.3618,70.0536,Solar
IND,India,Khirwa Solar Power Plant,1,27.301,72.3236,Solar
IND,India,Khori Wind Farm,20.8,21.167,74.3272,Wind
IND,India,Kohinoor Wind Farm,24,26.6797,71.026,Wind
IND,India,Komal West Solar Power Plant,1,11.0118,79.5898,Solar
IND,India,Kosa Wind Farm,33,23.3183,68.6988,Wind
IND,India,Kottamangalam Wind Farm,56.25,10.6558,77.2471,Wind
IND,India,Kottathara Village Wind Farm,3,11.0951,76.6709,Wind
IND,India,Kudankulam,2000,8.1689,77.7126,Nuclear
IND,India,LAKHERI CEMENT PLANT,25,25.6732,76.1901,Coal
IND,India,LAKWA GT,142.2,27.0221,94.8833,Gas
IND,India,LALITPUR TPP,1980,24.7971,78.6463,Coal
IND,India,LARA,800,21.757,83.4573,Coal
IND,India,LARGI,126,31.7196,77.212,Hydro
IND,India,LIGANAMAKKI,55,14.1704,74.8388,Hydro
IND,India,LITL Uthumalai,10,8.9969,77.537,Wind
IND,India,LNJP Bahla Basti Wind Farm,20,26.5114,71.4974,Wind
IND,India,LODHIVALI,40,18.9002,73.2032,Oil
IND,India,LOKMANGAL SUGAR ETHANOL,31.5,17.4462,75.7161,Biomass
IND,India,LOKTAK,105,24.587,93.6696,Hydro
IND,India,LOWER JHELUM,105,34.2189,74.5281,Hydro
IND,India,LOWER JURALA,240,16.3125,77.7773,Hydro
IND,India,LOWER METTUR,120,11.6425,77.7583,Hydro
IND,India,LOWER PERIYAR,180,9.9624,76.957,Hydro
IND,India,LOWER SILERU,460,17.8608,81.6814,Hydro
IND,India,LTML Wind Energy Project in Tamil Nadu,9.7,9.087,77.6055,Wind
IND,India,Lakhewali Solar Power Plant,2.1,30.4368,74.3316,Solar
IND,India,Lakhmirwala Solar Power Plant,20,29.8509,75.4023,Solar
IND,India,Lallian Kalan Solar Power Plant,1,31.2496,75.4826,Solar
IND,India,Lalpur Wind Farm,50.4,22.1694,69.827,Wind
IND,India,Lathi Solar Power Plant,1,27.0321,71.5322,Solar
IND,India,Liberty Oil Satara Wind Farm,2.4,17.8613,74.0733,Wind
IND,India,M.A.P.P.,440,12.5571,80.1754,Nuclear
IND,India,MACHKUND,114.75,18.5323,82.4645,Hydro
IND,India,MADHAVAMANTRI,4.5,12.2135,77.0225,Hydro
IND,India,MADHIKHEDA,60,25.5623,77.8348,Hydro
IND,India,MAHADEV PRASAD STPP,540,22.8395,86.0613,Coal
IND,India,MAHAN TPP,600,24.0077,82.4172,Coal
IND,India,MAHATMA GANDHI TPP,1320,28.49,76.351,Coal
IND,India,MAHATMA SUGAR,15,20.8558,78.5814,Biomass
IND,India,MAHI BAJAJ I&II,140,23.5443,74.5062,Hydro
IND,India,MAHUL REFINERY,22,19.0162,72.8963,Oil
IND,India,MAIHAR CEMENT PLANT,31.4,24.2021,80.7997,Coal
IND,India,MAITHON,63.2,23.7872,86.8284,Hydro
IND,India,MAITHON RB TPP,1050,23.8209,86.76,Coal
IND,India,MALANA,186,32.0041,77.2494,Hydro
IND,India,MALLARPUR,9,15.3773,76.4591,Hydro
IND,India,MANERI BHALI,394,30.7294,78.4238,Hydro
IND,India,MANGALORE REFINERY,166.5,12.9821,74.8496,Gas
IND,India,MANGAON CCPP,388,18.3879,73.3529,Gas
IND,India,MANGLAM CEMENT,25,24.7176,75.9522,Coal
IND,India,MANI DPH,9,13.6763,75.0462,Hydro
IND,India,MANIKDOH,6,19.2345,73.8144,Hydro
IND,India,MANIKGARH CEMENT,50,19.7235,79.1761,Coal
IND,India,MANIYAR,12,9.3294,76.8798,Hydro
IND,India,MARATHA CEMENT PLANT,45,19.703,79.2206,Coal
IND,India,MARWA TPP,1000,22.0708,82.6022,Coal
IND,India,MATATILLA,30.6,25.1001,78.3717,Hydro
IND,India,MEJA STPP,660,25.1447,81.9415,Coal
IND,India,MEJIA,1340,23.4639,87.1311,Coal
IND,India,MEJIA TPS EXT,1000,23.4639,87.1311,Coal
IND,India,MELAMARUTHUR (MUTHIARA),1200,8.9159,78.1374,Coal
IND,India,METTUR,840,11.7696,77.8138,Coal
IND,India,METTUR DAM,250,11.8014,77.8085,Hydro
IND,India,METTUR TPS EXT,600,11.7696,77.8138,Coal
IND,India,MIHAN TPP,246,21.0377,78.9334,Coal
IND,India,MONARCHAK CCPP,136.5,23.438,91.274,Gas
IND,India,MORDI PLANT,46,23.5496,74.4072,Coal
IND,India,MOUDA STPS,2320,21.1797,79.3978,Coal
IND,India,MOYAR,36,11.6137,76.6919,Hydro
IND,India,MRMPL Mudari Wind Farm,20,26.8051,70.7381,Wind
IND,India,MSPL Wind Farm,78.9,15.1579,75.7965,Wind
IND,India,MUDHOL CEMENT,50,16.2017,75.3005,Coal
IND,India,MUKERIAN I -IV,207,31.9553,75.836,Hydro
IND,India,MUL GRETA,15,20.0805,79.7148,Coal
IND,India,MUMBAI BPCL,31.2,19.016,72.8948,Gas
IND,India,MUMBAI JINDAL,25.2,18.5309,72.9465,Oil
IND,India,MUMBAI ONGC,75,18.9988,72.8997,Gas
IND,India,MUNDRA TPP,4620,22.823,69.5532,Coal
IND,India,MUNDRA UMPP,4000,22.8158,69.5281,Coal
IND,India,MUNIRABAD,28.3,15.2666,76.3288,Hydro
IND,India,MUNOLI DISTILLERY,11.2,15.8555,75.1002,Biomass
IND,India,MURBAD PLANT,15,19.261,73.3638,Coal
IND,India,MUZAFFARPUR,610,26.1953,85.3017,Coal
IND,India,MYNTDU,126,25.2354,92.2279,Hydro
IND,India,Maloshi Wind Farm,14.65,17.5727,73.9032,Wind
IND,India,Mandrup - Giriraj Solar Power Plant,6.6,17.4999,75.781,Solar
IND,India,Mirpur Kalan - Alianz Eco Solar Power Plant,2.1,29.7303,75.3099,Solar
IND,India,Mirpur Kalan - Nexgen Solux Solar Power Plant,1,29.7311,75.308,Solar
IND,India,Mithapur Solar Power Plant,17,22.4077,68.9925,Solar
IND,India,Mokal Wind Farm,31.5,27.1657,70.7455,Wind
IND,India,Mokla Wind farm,52.5,27.1611,70.681,Wind
IND,India,Mulshi Solar Power Plant,3,18.4921,73.5081,Solar
IND,India,Muradwala Dal Singh Solar Power Plant,21,29.7303,75.3099,Solar
IND,India,N.A.P.S,440,28.156,78.4089,Nuclear
IND,India,NABI NAGAR TPP,500,24.7754,84.1588,Coal
IND,India,NAGARJUNA SAGAR,815.6,16.5678,79.3442,Hydro
IND,India,NAGARJUNA SAGAR   TPD,50,16.626,79.4909,Hydro
IND,India,NAGDA GRASIM,45.5,23.4469,75.408,Coal
IND,India,NAGOTHANE COMPLEX,78.9,18.8829,73.1862,Oil
IND,India,NAGPUR GMT,10,21.0582,79.485,Biomass
IND,India,NAGPUR MILL,18.9,20.8062,79.0548,Biomass
IND,India,NAGPUR SPONGE IRON,65,20.9276,79.2455,Coal
IND,India,NAMRUP GT,161.75,27.1858,95.376,Gas
IND,India,NARASINGPUR,10,22.9649,78.8132,Biomass
IND,India,NARAYANPUR,11.6,16.2365,76.3369,Hydro
IND,India,NARIMANGLAM,70,9.9533,76.9792,Hydro
IND,India,NASIK,630,19.9817,73.8896,Coal
IND,India,NASIK SINNAR,270,19.8658,74.0835,Coal
IND,India,NASIK TPP  PH 1,1350,19.9817,73.8896,Coal
IND,India,NATHPA JHAKRI,1500,31.564,77.98,Hydro
IND,India,NAWAPARA,600,21.92,83.2788,Coal
IND,India,NEPANAGAR MILL,12.27,21.4504,76.4014,Coal
IND,India,NEW UMTRU,40,26.0132,91.8239,Hydro
IND,India,NEYVELI FST EXT,420,11.5887,79.4611,Coal
IND,India,NEYVELI ST I,600,11.5893,79.4704,Coal
IND,India,NEYVELI ST II,1470,11.5576,79.4417,Coal
IND,India,NEYVELI TPS EXP -II,500,11.5534,79.4408,Coal
IND,India,NEYVELI TPS(Z),250,11.5401,79.4159,Coal
IND,India,NIGRI,1320,24.15,81.9045,Coal
IND,India,NIMBAHERA JK CEMENT,33.2,24.6428,74.6843,Coal
IND,India,NIMOO BAZGO,45,34.2154,77.1842,Hydro
IND,India,NITIN PLANT,10.5,25.2042,74.6092,Coal
IND,India,NIZAM SAGAR,10,18.2172,77.9576,Hydro
IND,India,NMDC Anehalu Wind Farm,10.5,14.098,76.3154,Wind
IND,India,NORTH CHENNAI,630,13.245,80.3257,Coal
IND,India,NORTH CHENNAI EXTENSION,1200,13.245,80.3257,Coal
IND,India,NURANANG,6,27.5882,91.981,Hydro
IND,India,N_SAGAR LBC,60,16.5697,79.3389,Hydro
IND,India,N_SAGAR RBC,90,16.5697,79.3389,Hydro
IND,India,Nagda Hills Wind Energy project,6.25,22.8985,76.0718,Wind
IND,India,Nagercoli Wind Farm,37.6,8.1784,77.6873,Wind
IND,India,Naini Solar Power Plant,5.8,25.3723,81.8717,Solar
IND,India,Nallakonda Wind Farm,50.4,14.1651,77.5713,Wind
IND,India,Nargund Wind Farm,7.2,15.7319,75.3789,Wind
IND,India,Nokh - GGEL Solar Power Plant,50,27.6007,72.2242,Solar
IND,India,Nokh - Precision Technik Solar Power Plant,5,27.5728,72.206,Solar
IND,India,Nokha Daiya Solar Power Plant,5,28.1371,72.9661,Solar
IND,India,NuPower Tirunelveli Wind Farm,150,9.0737,77.4753,Wind
IND,India,OBRA,99,24.4375,82.9655,Hydro
IND,India,OBRA-A,1188,24.4448,82.9803,Coal
IND,India,OMKARESHWAR,520,22.2418,76.1619,Hydro
IND,India,ONGC Jerat Wind Farm,102,26.818,71.0643,Wind
IND,India,ONGC Kutch Wind Farm,51,23.1689,68.6975,Wind
IND,India,P.NALLUR CCGT,330.5,11.0749,79.834,Gas
IND,India,PAGUTHAN,655,21.78,72.979,Gas
IND,India,PAINAMPURAM,1320,14.3512,80.1431,Coal
IND,India,PAITHON,12,19.4834,75.3696,Hydro
IND,India,PALATANA CCPP,726.6,23.4987,91.4385,Gas
IND,India,PALLIVASAL,37.5,10.0314,77.0548,Hydro
IND,India,PAMPORE GT,175,34.004,74.9175,Oil
IND,India,PANCHET,80,23.6815,86.7473,Hydro
IND,India,PANIPAT,920,29.3975,76.8763,Coal
IND,India,PANKI,210,26.4766,80.241,Coal
IND,India,PANNIAR,30,9.9731,77.0281,Hydro
IND,India,PAPANASAM,32,8.7065,77.3627,Hydro
IND,India,PARAS,500,20.7147,76.7948,Coal
IND,India,PARBATI-III,520,31.7398,77.2576,Hydro
IND,India,PARBHANI GANGAKHED,30,18.9057,76.7282,Biomass
IND,India,PARICHA,1140,25.5124,78.7588,Coal
IND,India,PARLI,1170,18.8685,76.5254,Coal
IND,India,PARSEN_S VALLE,30,11.3646,76.6045,Hydro
IND,India,PATALGANGA,66,18.8834,73.1814,Gas
IND,India,PATHADI TPS PH -I,600,22.2454,82.7246,Coal
IND,India,PATHRI,20.4,29.9274,78.0415,Hydro
IND,India,PAWANA,10,18.6814,73.4948,Hydro
IND,India,PEDDAPURAM CCGT(Samalkot),220,17.0853,82.1283,Gas
IND,India,PENCH,160,21.4813,79.2086,Hydro
IND,India,PENNA AHOBELAM,20,14.6859,77.7147,Hydro
IND,India,PERIYAR,161,9.6266,77.1905,Hydro
IND,India,PIPAVAV CCCP,702.86,20.8986,71.4693,Gas
IND,India,POCHAMPAD,27,18.9766,78.2563,Hydro
IND,India,PONG,396,31.9667,75.9469,Hydro
IND,India,PORINGALKUTTU,32,10.3118,76.617,Hydro
IND,India,PORINGALKUTTU L,16,10.3118,76.617,Hydro
IND,India,PRAGATI CCCP -III,1371.2,28.7962,77.0706,Gas
IND,India,PRAGATI CCGT,330,28.6146,77.2528,Gas
IND,India,PRIYADARSHNI JURALA,234,16.3328,77.7036,Hydro
IND,India,PRYAGRAJ (BARA) TPP,1980,25.196,81.6594,Coal
IND,India,PULICHINTALA,90,16.7739,80.0525,Hydro
IND,India,PUNE MILL,30,18.2417,74.7531,Coal
IND,India,PURULIA PSS,900,23.1975,86.097,Hydro
IND,India,PYKARA,59.2,11.5336,76.6011,Hydro
IND,India,PYKARA ALIMATE,150,11.5336,76.6011,Hydro
IND,India,Panandhro Solar Power Plant,5,23.6788,68.7653,Solar
IND,India,Patan Taluka Wind Farm,65.6,17.2684,73.8368,Wind
IND,India,Patnaik Hatti Wind Farm,15,21.1902,74.3795,Wind
IND,India,Patnaik Jamnagar Wind Farm,35.2,22.0983,70.2729,Wind
IND,India,Patodi Solar Power Plant,1,26.0748,72.2677,Solar
IND,India,Phagi Solar Power Plant,1,26.5653,75.5622,Solar
IND,India,Pokhran FVE Solar Power Plant,40,26.8022,72.0078,Solar
IND,India,Pokhran THE Solar Power Plant,100,26.7874,72.0099,Solar
IND,India,Powerica Jangi Vandjiya,21.8,23.2478,70.5948,Wind
IND,India,Powerica Kutch Wind Farm,14.85,23.1897,70.6216,Wind
IND,India,Powerica Theni Wind Farm,9.9,9.9855,77.5777,Wind
IND,India,Powerica Tirunelveli Wind Farm,16.5,9.0198,77.4501,Wind
IND,India,Pratapgarh Solar Power Plant,9,23.3682,70.7432,Solar
IND,India,Precious Solar Power Plant,15.2,23.9151,71.9424,Solar
IND,India,Punjawa - Sikh Wala Solar Power Plant,19,30.0208,74.546,Solar
IND,India,R.A.P.S.,1080,24.8747,75.6189,Nuclear
IND,India,R.P.SAGAR,172,24.9174,75.5794,Hydro
IND,India,RABRIYAWAS CEMENT,18.7,26.2984,74.1234,Coal
IND,India,RADHANAGRI,4.8,16.4072,73.9616,Hydro
IND,India,RAGHUNATHPUR TPP PH-I,1200,23.622,86.661,Coal
IND,India,RAICHUR,1720,16.3532,77.3422,Coal
IND,India,RAICHUR STEEL,35,16.3027,77.3608,Coal
IND,India,RAIGARH TPP,1000,21.9846,83.2331,Coal
IND,India,RAIKHEDA,1370,21.4499,81.8525,Coal
IND,India,RAJASHREE CEMENT,38.5,17.1427,77.1749,Coal
IND,India,RAJGHAT,135,28.6361,77.2542,Coal
IND,India,RAJGHAT (MP),45,24.7635,78.2322,Hydro
IND,India,RAJIV GANDHI  TPS HISAR,1200,29.356,75.869,Coal
IND,India,RAJPURA DARIBA MINE,160,24.9643,74.1197,Coal
IND,India,RAJPURA TPP,1400,30.557,76.577,Coal
IND,India,RAMANAGARAM MILL,11,12.7145,77.4524,Biomass
IND,India,RAMGANGA,198,29.5169,78.7574,Hydro
IND,India,RAMGARH GT,270.5,27.336,70.538,Gas
IND,India,RAMMAM,50,27.114,88.1376,Hydro
IND,India,RAMPUR,412.02,31.4,77.5927,Hydro
IND,India,RANGANADI,405,27.3426,93.8168,Hydro
IND,India,RANGIT-III,60,27.2949,88.2921,Hydro
IND,India,RANJANI MILL,12.5,18.5354,76.245,Biomass
IND,India,RANJIT SAGAR,600,32.4404,75.7305,Hydro
IND,India,RAS CEMENT PLANT,36,26.263,74.1878,Coal
IND,India,RATIJA TPP,100,22.3404,82.493,Coal
IND,India,RATNAGIRI GAS,1967.08,17.5587,73.167,Gas
IND,India,RAYAL SEEMA,1650,14.704,78.4577,Coal
IND,India,RELIANCE ENERGY,48,15.3771,73.877,Gas
IND,India,RENGALI,250,21.2759,85.0355,Hydro
IND,India,RIHAND,3000,24.027,82.7915,Coal
IND,India,RIHAND_Hydro,300,24.1778,83.0361,Hydro
IND,India,RITHALA CCCP,94.8,28.7327,77.1016,Gas
IND,India,RMC MANGROL,6,25.1732,75.832,Hydro
IND,India,ROKHIA GT,63,23.626,91.1948,Gas
IND,India,ROPAR,1260,31.0417,76.5847,Coal
IND,India,ROSA TPP PH - 1,1200,27.818,79.936,Coal
IND,India,R_GUNDEM - B,62.5,18.7695,79.4494,Coal
IND,India,R_GUNDEM STPS,2600,18.7572,79.456,Coal
IND,India,Rajgarh - NTPC Solar Power Plant,50,23.9637,76.719,Solar
IND,India,Rajgarh - Ujaas Solar Power Plant,16.5,23.9796,76.7329,Solar
IND,India,Raksa Solar Power Plant,2,25.4106,78.4805,Solar
IND,India,Ram Tirath Jaga Solar Power Plant,10,29.9619,75.1631,Solar
IND,India,Ramagundam Solar Power Plant,10,18.764,79.4873,Solar
IND,India,Rapar Khokhara Solar Power Plant,5,23.2592,70.0097,Solar
IND,India,Rasulpur Solar Power Plant,1,27.9363,75.679,Solar
IND,India,Ratedi Mondri Wind Farm,26.4,26.8026,70.7736,Wind
IND,India,Ravra - IOC Solar Power Plant,5,27.4108,72.2164,Solar
IND,India,Ravra - NWEPL Solar Power Plant,5,27.4118,72.2127,Solar
IND,India,Ravra - SEI Solar Power Plant,5,27.4092,72.2193,Solar
IND,India,Ravra - Welspun Solar Power Plant,50,27.4137,72.1577,Solar
IND,India,Relaxo Footwear Kui Inda Wind Farm,6,26.4586,72.4706,Wind
IND,India,Roaring 40s Wind Farms (Khandke) Private Limited - Phase II,50.4,19.1474,74.8763,Wind
IND,India,Rojhani Solar Power Plant,30.5,23.7025,75.9246,Solar
IND,India,Rucha Soya Wind Farm,35.1,23.0562,70.6004,Wind
IND,India,S.SAROVAR CHPH,250,21.8376,73.7559,Hydro
IND,India,S.SAROVAR RBPH,1200,21.8301,73.7501,Hydro
IND,India,SABARIGIRI,300,9.3098,77.0727,Hydro
IND,India,SAGARDIGHI TPP,1600,24.3696,88.1046,Coal
IND,India,SAHAKAR SHIROMANI,18,17.708,75.1361,Biomass
IND,India,SALAL I & II,690,33.142,74.8097,Hydro
IND,India,SALAYA TPP,1200,22.3049,69.7101,Coal
IND,India,SALORA,135,22.49,82.6062,Coal
IND,India,SAMALPATTI DG,105.7,12.2995,78.4038,Oil
IND,India,SAMAYANALLUR DG,106,9.9751,78.0445,Oil
IND,India,SAMEERWADI MILL,24,16.3918,75.0411,Biomass
IND,India,SANGLI KRANTI,19.7,17.1354,74.4272,Biomass
IND,India,SANGLI MIRAJ BIOMASS,10,16.9171,74.4821,Biomass
IND,India,SANGLI VASANTDADA,12.5,16.881,74.5898,Biomass
IND,India,SANJAY BHABA,120,31.2642,78.4835,Hydro
IND,India,SANJAY GANDHI,1340,23.3026,81.0668,Coal
IND,India,SANKESHWAR MILL,26,16.2478,74.5003,Biomass
IND,India,SANTALDIH,500,23.6013,86.4666,Coal
IND,India,SARKARPATHY,30,10.4558,76.8302,Hydro
IND,India,SASAN UMPP,3960,23.9784,82.6275,Coal
IND,India,SATNA CEMENT PLANT,29,24.5959,80.858,Coal
IND,India,SATPURA,1330,22.11,78.173,Coal
IND,India,SBT SUGAR,16,19.6125,74.1924,Biomass
IND,India,SEIONI TPP,600,22.7355,79.9123,Coal
IND,India,SEMBCORP GAYATRI,1320,14.351,80.1443,Coal
IND,India,SENGULAM,48,9.976,77.0309,Hydro
IND,India,SERVALAR,20,8.6895,77.3048,Hydro
IND,India,SEWA-II,120,32.6762,75.8215,Hydro
IND,India,SEWA-III,9,32.6029,75.9006,Hydro
IND,India,SHANAN,110,31.9894,76.8072,Hydro
IND,India,SHARAVATHY,1035,14.2352,74.7673,Hydro
IND,India,SHARAVATHY TAIL RACE (Gerusupa),240,14.2352,74.7673,Hydro
IND,India,SHIMSAPURA,17.2,12.3409,77.1906,Hydro
IND,India,SHIROL MILL,36,16.7493,74.5854,Biomass
IND,India,SHOLAYAR,54,10.3046,76.7305,Hydro
IND,India,SHOLAYAR I&II,95,10.3575,76.879,Hydro
IND,India,SHREE MEGA POWER,300,26.0743,74.3858,Coal
IND,India,SHRI MALAPRABHA,22,15.6933,74.7162,Biomass
IND,India,SHRI SHANKAR,20,17.8676,74.8405,Biomass
IND,India,SHRIRAM RAYONS PLANT,40,25.1296,75.8832,Coal
IND,India,SIIL Jaibhim Wind Farm,33.6,21.127,74.2673,Wind
IND,India,SIKKA REP.,500,22.4208,69.8276,Coal
IND,India,SIMHADRI,2000,17.591,83.0917,Coal
IND,India,SIMHAPURI TPP,600,14.2133,80.0838,Coal
IND,India,SINGARENI TPP,1200,18.8372,79.5748,Coal
IND,India,SINGRAULI STPS,2000,24.1033,82.7068,Coal
IND,India,SINGUR,15,18.6609,78.0876,Hydro
IND,India,SIPAT STPS,2980,22.13,82.293,Coal
IND,India,SITAPURAM POWER LIMITED,43,16.8301,80.0407,Coal
IND,India,SIVASAMUNDRUM,42,12.3082,77.165,Hydro
IND,India,SOLAPUR STPP,660,31.7537,77.246,Coal
IND,India,SONAI MILL,16,19.3804,74.8397,Biomass
IND,India,SOUTHERN REPL.,135,22.5488,88.2926,Coal
IND,India,SRINAGAR,330,30.2313,78.7924,Hydro
IND,India,SRISAILAM,770,16.0869,78.9007,Hydro
IND,India,SRISAILAM LBPH,900,16.0929,78.9118,Hydro
IND,India,STAKNA,4,33.9594,77.7142,Hydro
IND,India,STERLITE TPP,600,21.8144,84.0404,Coal
IND,India,SUBERNREKHA I&II,130,23.457,85.555,Hydro
IND,India,SUGEN CCCP,1147.5,21.3395,72.9889,Gas
IND,India,SURAT LIG.,500,21.397,73.106,Coal
IND,India,SURATGARH,1500,29.179,74.0202,Coal
IND,India,SURULIYAR,35,9.62,77.2726,Hydro
IND,India,SURYA,6,19.9214,73.0575,Hydro
IND,India,SVPL,63,22.2915,82.5257,Coal
IND,India,SWASTIK KORBA,25,22.3005,82.7047,Coal
IND,India,SWPPL Madhavakurichi,10.5,8.823,77.6271,Wind
IND,India,SWPPL Manurpalayam,21,10.8166,77.3199,Wind
IND,India,SWPPL Vadakkupanavadali,10.5,9.0782,77.591,Wind
IND,India,Sadeipali - ASPL Solar Power Plant,5,20.731,83.4538,Solar
IND,India,Sadeipali - REHPL Solar Power Plant,1,20.7325,83.4632,Solar
IND,India,Sai Sulphonates Wind Mill,1.5,10.9262,77.3841,Wind
IND,India,Sakri 1A Solar Power Plant,100,21.0726,74.3862,Solar
IND,India,Sakri 1B Solar Power Plant,25,21.0864,74.3529,Solar
IND,India,Sangatpura Solar Power Plant,10,29.9611,75.7767,Solar
IND,India,Satara Wind Farm,100,17.2387,73.9096,Wind
IND,India,Shiloj Solar Power Plant,10,20.8183,71.0063,Solar
IND,India,Shirsoli Solar Power Plant,8.5,17.4999,75.781,Solar
IND,India,Shivasamundra Solar Power Plant,5,12.3003,77.1638,Solar
IND,India,Shivlakha - Backbone Solar Power Plant,5,23.3585,70.6206,Solar
IND,India,Shivlakha - CPEC Solar Power Plant,5,23.383,70.6146,Solar
IND,India,Shivlakha - Konark Solar Power Plant,5,23.3654,70.6268,Solar
IND,India,Shree Nashik Wind Farm,10.5,19.845,73.9074,Wind
IND,India,Shree Sangli Wind Farm,16.5,17.3031,74.631,Wind
IND,India,Shree Southern Wind Farm,2.25,17.5724,74.3386,Wind
IND,India,Shri Singaji MALWA TPP,1200,22.0971,76.5317,Coal
IND,India,Singrauli Solar Power Plant,15,24.1185,82.6415,Solar
IND,India,Sivaganga Solar Power Plant,5,9.8043,78.4487,Solar
IND,India,Solitaire Solar Power Plant,15,23.9116,71.9324,Solar
IND,India,Sonu Wind Farm,8.4,27.2081,70.6958,Wind
IND,India,Sumilon Shikarpur Wind Farm,3.6,23.2414,70.7262,Wind
IND,India,Sumilon Vershamedi Wind Farm,3.6,22.972,70.5443,Wind
IND,India,Supe Solar Power Plant,2,18.3198,74.3686,Solar
IND,India,Surajbari Creek Wind Farm,30,23.3232,70.6417,Wind
IND,India,T.B. DAM,36,15.2615,76.3379,Hydro
IND,India,TADALI,600,20.0116,79.2036,Coal
IND,India,TADALI SPONGE IRON,33,20.0123,79.1863,Coal
IND,India,TALCHER,460,20.9099,85.2072,Coal
IND,India,TALCHER STPS,3000,21.0966,85.074,Coal
IND,India,TALWANDI SABO,1980,29.924,75.2372,Coal
IND,India,TAMNAR TPP,2400,22.0987,83.4513,Coal
IND,India,TANAKPUR,94.2,29.0057,80.0946,Hydro
IND,India,TANDA,440,26.586,82.602,Coal
IND,India,TANIR BAVI,220,12.9019,74.816,Gas
IND,India,TARAPUR,1400,19.8294,72.6617,Nuclear
IND,India,TASHIDING,97,27.3403,88.2332,Hydro
IND,India,TAWA,13.5,22.5616,77.9635,Hydro
IND,India,TEESTA  I-III,67.5,26.4875,88.3155,Hydro
IND,India,TEESTA -V,510,27.2517,88.4604,Hydro
IND,India,TEESTA LOW DAM -IV,160,26.9279,88.4562,Hydro
IND,India,TEESTA LOW DAM-III,132,27.0017,88.443,Hydro
IND,India,TEESTA-III,1200,27.5981,88.6505,Hydro
IND,India,TEHRI ST -1,1000,30.3787,78.4795,Hydro
IND,India,TENUGHAT,420,23.7573,85.8936,Coal
IND,India,THAL WORKS,30,18.7026,72.8709,Gas
IND,India,THAMMINAPATNAM TPP,300,14.2133,80.0838,Coal
IND,India,THANE PLANT,22.5,19.0875,73.0258,Oil
IND,India,THIROT,4.5,32.659,76.7817,Hydro
IND,India,TILLARI,60,15.8094,74.1588,Hydro
IND,India,TILLAYA,4,24.3249,85.5198,Hydro
IND,India,TIRORA TPP,3300,21.4129,79.9671,Coal
IND,India,TITAGARH,240,22.7318,88.371,Coal
IND,India,TORANGALLU EXT,600,15.1839,76.6622,Coal
IND,India,TORANGALLU IMP,260,15.1839,76.6622,Coal
IND,India,TORR POWER SAB.,422,23.0701,72.5933,Coal
IND,India,TROMBAY,500,19.0004,72.8983,Oil
IND,India,TROMBAY GT,180,19.0018,72.8967,Gas
IND,India,TROMBAY WORKS,18,19.0366,72.8892,Gas
IND,India,TROMBAY_Coal,750,19.0004,72.8983,Coal
IND,India,TROMBAY_Oil,150,19.0004,72.8983,Oil
IND,India,TUIRIAL,60,24.3588,92.8837,Hydro
IND,India,TUNGABHADRA SUGAR,28,15.6609,76.8756,Biomass
IND,India,TUTICORIN,1050,8.7635,78.1753,Coal
IND,India,TUTICORIN JV,1000,8.7603,78.1699,Coal
IND,India,TUTICORIN- IND BARATH,300,8.7635,78.1753,Coal
IND,India,TVS Kunnur Wind Farm,9.35,9.9438,77.5077,Wind
IND,India,TVS Tirunelveli Wind Farm,14.4,8.9165,77.659,Wind
IND,India,TVS Virali Wind Farm,25.5,17.501,74.7001,Wind
IND,India,Tadas wind farm,100,15.1069,75.1661,Wind
IND,India,Talcher Kaniha Solar Power Plant,10,21.0866,85.0987,Solar
IND,India,Tata Power Gadag Plains Wind Farm,50.4,15.3302,75.5767,Wind
IND,India,Tata Wind Farm,50.4,19.1757,74.8441,Wind
IND,India,Teona Pujarian Solar Power Plant,22,27.4137,72.1577,Solar
IND,India,Theni Wind Farm,24,9.9621,77.3709,Wind
IND,India,Thimmapuram Wind Farm,200,14.7053,77.3355,Wind
IND,India,Tinwari - MB Solar Power Plant,5,26.5182,72.8536,Solar
IND,India,Tiruppur,1.5,10.8139,77.3785,Wind
IND,India,Tiruppur 2,1.5,10.79,77.33,Wind
IND,India,Torrent Gujurat Wind Farm,49.6,22.104,69.8323,Wind
IND,India,U.B.D.C. ST.-I& II,91.35,32.3367,75.5819,Hydro
IND,India,U.ROGNICHU,8,27.2614,88.5572,Hydro
IND,India,UCHPINDA TPP,1080,21.8858,83.1215,Coal
IND,India,UDUPI TPP,1200,13.1596,74.8002,Coal
IND,India,UJJAINI,12,18.0723,75.1197,Hydro
IND,India,UKAI LBC,5,21.2323,73.5917,Hydro
IND,India,UKAI_Coal,1110,21.2093,73.5574,Coal
IND,India,UKAI_Hydro,300,21.2478,73.5866,Hydro
IND,India,UMIAM I II &IV,96,25.6593,91.9003,Hydro
IND,India,UMTRU (NEW),11.2,26.0069,91.8114,Hydro
IND,India,UNCHAHAR,1550,25.9131,81.3274,Coal
IND,India,UNO SUGEN,382.5,21.3411,72.9895,Gas
IND,India,UPL Dharapuram Wind Farm,1.7,10.838,77.5123,Wind
IND,India,UPPAR INDRAVATI,600,19.4269,82.8594,Hydro
IND,India,UPPER KOLAB,320,18.8315,82.5934,Hydro
IND,India,UPPER SILERU I&II,240,18.0313,82.0179,Hydro
IND,India,UPPER SINDH I& II,127.6,34.198,75.1245,Hydro
IND,India,URAN GT,672,18.88,72.9715,Gas
IND,India,URAN ONGC,62.6,18.8681,72.9293,Gas
IND,India,URI,480,34.1442,74.1857,Hydro
IND,India,URI -II,240,34.0921,74.0318,Hydro
IND,India,URUMI,3.75,11.3727,76.0584,Hydro
IND,India,UTRAN CCCP EXT,374.571,21.2285,72.8705,Gas
IND,India,UTRAULA TPP,90,27.3455,82.3166,Coal
IND,India,Udumalpet Wind Farm,25.7,10.6143,77.237,Wind
IND,India,VAIGAI DAM,13.5,10.0537,77.5905,Hydro
IND,India,VAITARNA,60,19.7674,73.502,Hydro
IND,India,VALANTHARVI GT,52.8,9.3279,78.9215,Gas
IND,India,VALLUR ntpc/ntecl,1500,13.2371,80.3023,Coal
IND,India,VALUTHUR GT,186.2,9.3484,78.9235,Gas
IND,India,VARAHI,460,13.6576,74.9484,Hydro
IND,India,VARDHAM BUDNI,25.8,22.7808,77.6515,Coal
IND,India,VARDHAM SATLAPUR,30.75,23.0752,77.5526,Coal
IND,India,VASAVADATTA CEMENT,50.7,17.1605,77.293,Coal
IND,India,VEMAGIRI CCCP,388.5,16.9238,81.8141,Gas
IND,India,VENUNAGAR SUGAR,19.8,17.7382,75.3218,Biomass
IND,India,VIJAIPUR WORKS,75,24.4978,77.1513,Gas
IND,India,VIJAYWADA,1260,16.5984,80.537,Coal
IND,India,VIJAYWADA TPP-IV,500,16.5973,80.5382,Coal
IND,India,VIJESWARAM GT,272.3,16.9345,81.7245,Gas
IND,India,VIKRAM CEMENT,46,24.5753,74.8012,Coal
IND,India,VINDH_CHAL STPS,4760,24.0983,82.6719,Coal
IND,India,VIR,9,18.121,74.0968,Hydro
IND,India,VISHNU PRAYAG,400,30.5669,79.5468,Hydro
IND,India,VIZAG TPP,1040,17.5635,83.1382,Coal
IND,India,Vaayu Ashti Wind Farm,50.4,19.108,74.9885,Wind
IND,India,Vastan Solar Power Plant,5,21.4239,73.1273,Solar
IND,India,WADI CEMENT PLANT,75,17.0552,76.9775,Coal
IND,India,WANAKBORI,1470,22.8725,73.3588,Coal
IND,India,WARDHA WARORA(Sai Wardha Power),540,20.2727,78.9792,Coal
IND,India,WARDHA WORKS,80,20.6964,78.6385,Coal
IND,India,WARNA,16,17.1401,73.866,Hydro
IND,India,WY.CANAL A -D,62.4,30.3033,77.5684,Hydro
IND,India,Wadgam Solar Power Plant,15,22.3172,72.4397,Solar
IND,India,Warora Solar Power Plant,25,20.301,79.0237,Solar
IND,India,Weizzmann Forex Idukki Wind Farm,3.6,9.8881,77.2216,Wind
IND,India,Wind power project by Riddhi Siddhi Gluco Biols Limited (RSGBL),34.65,8.8709,77.4466,Wind
IND,India,Wind power project in Rajasthan,42,27.1715,70.6877,Wind
IND,India,YAMUNANAGAR TPP,600,30.1081,77.3257,Coal
IND,India,YASHWANTRAO MOHITE,16,17.1653,74.2456,Biomass
IND,India,YELHANKA (DG),106.6,13.1156,77.5838,Oil
IND,India,YERMARUS TPP,1600,16.2949,77.3568,Coal
IND,India,Yelesandra Solar Power Plant,3,12.8932,78.1654,Solar
IND,India,Yelisirur wind power project,25.5,15.2758,75.5811,Wind
IND,India,ZAWAR MINES,80,24.35,73.7477,Coal
IND,India,iEnergy Theni Wind Farm,16.5,9.9344,77.4768,Wind